X_train,y_train
1830,238750.0
1620,620000.0
1460,544000.0
1380,285000.0
1730,205000.0
1650,233500.0
1400,267000.0
1600,395000.0
1720,535000.0
2960,449000.0
1990,560200.0
1700,255000.0
1300,540000.0
1710,525000.0
2220,580000.0
1580,279900.0
1730,800000.0
2930,915000.0
2340,237333.333333
2110,516200.0
1520,292600.0
1910,458400.0
2440,485000.0
2470,449950.0
2300,350000.0
1970,410000.0
2260,550000.0
1230,479000.0
2495,267000.0
1180,372500.0
1100,403000.0
1970,445000.0
1610,450000.0
1680,625000.0
2390,290000.0
1020,195000.0
1150,129000.0
1030,595000.0
2110,743000.0
1770,436110.0
1580,485000.0
2790,835000.0
1450,330000.0
2790,764000.0
980,435000.0
2150,316500.0
2430,232333.333333
1780,370000.0
1540,312000.0
1080,192500.0
950,430000.0
1460,239950.0
1068,243000.0
1770,254000.0
2090,383000.0
1620,500000.0
1350,477000.0
2290,580000.0
1440,500000.0
2050,540000.0
2025,260000.0
1820,399888.0
2700,550000.0
1530,379000.0
2250,624800.0
1690,385000.0
1810,355000.0
1950,287600.0
2830,551000.0
2800,350000.0
2760,300000.0
1190,375000.0
2790,970000.0
1300,270000.0
1630,482500.0
2010,316000.0
750,300000.0
1970,299995.0
1320,410000.0
1760,225000.0
1840,265000.0
2500,235000.0
2360,490000.0
2030,700000.0
1360,348500.0
2080,290000.0
1310,304000.0
1560,295000.0
2430,791000.0
2570,287500.0
2410,720000.0
2490,414000.0
2610,510000.0
1380,552000.0
1230,387000.0
820,375000.0
1780,246000.0
1760,500000.0
1890,375000.0
2040,300000.0
1680,380000.0
2190,340000.0
1150,185000.0
1610,215000.0
1470,400000.0
1960,600000.0
2220,325000.0
950,339000.0
1340,206135.0
720,275500.0
2260,600000.0
2580,799000.0
2980,750000.0
1720,386380.0
2510,881000.0
2080,399950.0
2840,945000.0
1090,285000.0
1570,263000.0
1700,225000.0
1900,270000.0
2050,568000.0
1460,299880.0
1720,240015.333333
2400,355000.0
1540,690000.0
1680,518000.0
1560,291000.0
2650,720000.0
2280,415000.0
1200,400000.0
2460,900000.0
1630,581000.0
2420,399500.0
1190,441000.0
1180,193000.0
2010,590000.0
1380,268000.0
1270,347000.0
1540,345000.0
1380,650000.0
2050,639888.0
2580,354000.0
1240,375000.0
1710,462000.0
1410,379500.0
2950,455000.0
930,300000.0
2040,253000.0
2180,210000.0
1710,561000.0
1770,250000.0
1550,418000.0
1640,710000.0
1200,320000.0
2120,340000.0
1780,325000.0
1400,374500.0
2700,314900.0
2490,390000.0
1960,410000.0
1500,437000.0
2040,545000.0
2920,875000.0
1170,235000.0
1910,293000.0
2160,756000.0
2060,558000.0
1295,487028.0
2660,886000.0
1960,635000.0
1270,276900.0
2740,400000.0
1900,535800.0
2550,660000.0
2580,899900.0
1490,575000.0
1340,215000.0
1240,401000.0
1470,432000.0
860,370000.0
1880,266500.0
2280,820000.0
2550,582800.0
3000,740000.0
2050,314500.0
720,127160.0
2180,400000.0
2170,488800.0
710,399950.0
1230,229500.0
930,230000.0
2370,351999.0
1370,479000.0
2030,404000.0
1510,366000.0
1160,305000.0
1830,132250.0
2860,503000.0
1820,659500.0
1880,310000.0
2350,910000.0
1510,248000.0
1700,619500.0
1380,482000.0
1840,269500.0
2090,300000.0
1940,232500.0
1520,405000.0
930,141800.0
2190,600000.0
800,373500.0
1980,496752.0
2440,589000.0
2100,268500.0
2600,571000.0
2020,302000.0
2675,660000.0
1010,160000.0
1320,215000.0
1450,235000.0
1410,272500.0
1250,365000.0
2120,453000.0
1240,445000.0
2440,565000.0
1010,285000.0
1540,396450.0
1540,742000.0
1820,683500.0
920,319950.0
800,285000.0
1200,718500.0
1000,180000.0
550,353000.0
2240,337000.0
870,287919.782609
2750,750000.0
2150,411000.0
2610,750000.0
2000,325187.5
1940,323833.333333
2340,429000.0
1330,565000.0
1210,452000.0
1300,385000.0
1780,300000.0
1090,219500.0
1460,329932.0
1350,394950.0
2810,685000.0
1870,458000.0
1630,464000.0
2430,335000.0
2270,498000.0
1340,124740.0
2980,675000.0
1500,170000.0
2220,350000.0
2020,415000.0
1890,587206.0
1020,360000.0
1880,324900.0
1770,243000.0
2530,417838.0
880,291500.0
1910,490000.0
1310,242000.0
1890,430000.0
1689,384400.0
1090,300000.0
2240,363990.0
2370,411000.0
2240,500000.0
2050,713250.0
1540,499000.0
1380,272000.0
2620,672500.0
1710,250500.0
1010,230000.0
2330,471000.0
1660,638000.0
2700,525000.0
2520,535000.0
1980,550000.0
2070,417985.714286
2040,510000.0
2180,235000.0
1560,439000.0
1330,236000.0
1670,456000.0
1800,383000.0
2240,390000.0
2600,750000.0
1600,442500.0
1540,484998.0
1800,471001.0
1630,264270.0
1030,718000.0
970,345000.0
1400,474800.0
2520,442000.0
1490,437500.0
1550,385200.0
980,369000.0
1720,500000.0
2200,300000.0
1720,280000.0
2910,395000.0
2310,470000.0
2810,742000.0
900,235000.0
1210,324950.0
2800,379900.0
2430,762400.0
1900,580000.0
2210,802000.0
2400,327000.0
2620,978000.0
2230,900000.0
2070,535000.0
1960,560000.0
1960,259585.571429
1890,320000.0
2630,583000.0
1370,185000.0
790,250275.0
2220,405000.0
2560,658588.0
2180,405000.0
2610,535000.0
2380,285000.0
1600,510000.0
2090,289000.0
950,320000.0
2150,435000.0
1140,455000.0
1140,476000.0
1140,305000.0
1650,259500.0
2920,537500.0
2740,630000.0
1260,242000.0
1920,250000.0
1470,432000.0
2070,445800.0
1980,405000.0
1570,240000.0
1060,206000.0
2820,527700.0
1950,375000.0
2530,375000.0
1780,310000.0
1520,438000.0
2230,544500.0
1550,259000.0
1740,645000.0
1150,165000.0
960,315000.0
2940,605000.0
1060,352750.0
1840,457500.0
2890,421000.0
1200,240000.0
2500,411000.0
1780,270000.0
1150,346500.0
1170,397000.0
1970,289000.0
2900,675000.0
1590,305000.0
1680,282000.0
2480,641633.333333
1770,507000.0
2000,415000.0
1830,610000.0
1780,449500.0
1410,439900.0
1270,615000.0
1440,315275.0
1550,835000.0
1210,500000.0
2260,628000.0
2780,700000.0
1480,466800.0
2340,426090.0
1650,355000.0
970,156000.0
1370,446000.0
1340,376000.0
2700,426500.0
1410,391000.0
750,250000.0
860,420000.0
860,320000.0
1390,299000.0
1800,365000.0
1750,495000.0
2610,743700.0
1440,445000.0
1190,295950.0
2650,725000.0
2020,555000.0
1980,810000.0
1470,459500.0
970,210000.0
1765,250000.0
1290,205000.0
1030,223000.0
1620,350000.0
1510,308166.666667
1580,305000.0
710,215000.0
930,190000.0
1660,375000.0
1510,250000.0
1730,355000.0
2630,738000.0
2340,330000.0
2440,330000.0
2290,470000.0
1780,442900.0
2620,499431.0
1760,317000.0
950,469000.0
2550,847000.0
2350,747500.0
2530,400000.0
1890,435000.0
1330,197500.0
1660,926300.0
1960,723000.0
1280,370000.0
1090,427500.0
860,160000.0
2840,729032.0
2360,702500.0
1800,442500.0
2430,585000.0
2040,443500.0
1670,252000.0
1360,515000.0
1370,335500.0
1400,240000.0
2280,835000.0
1190,195000.0
2470,585000.0
1900,239950.0
2140,780000.0
990,284950.0
2540,487000.0
1970,501000.0
1750,415500.0
1070,252700.0
660,175000.0
1670,400000.0
840,464600.0
2260,400000.0
1350,322500.0
2140,458000.0
2690,645000.0
910,219900.0
1190,235000.0
1980,760000.0
810,308830.769231
2400,450000.0
1940,580000.0
2120,437000.0
1840,686000.0
1230,205000.0
1940,295000.0
2550,695000.0
1270,260000.0
2030,525000.0
2250,648475.0
2250,550000.0
1660,225000.0
1330,183000.0
2720,545000.0
1150,203000.0
1870,554000.0
1780,315000.0
2340,465950.0
1210,215000.0
2750,550000.0
1580,535000.0
1180,397990.0
1980,432500.0
2960,883000.0
1060,505000.0
1980,475000.0
2030,493000.0
1910,333000.0
1110,210000.0
1220,175000.0
1300,625000.0
880,235000.0
2400,575000.0
1620,385000.0
1170,455000.0
2560,560000.0
1460,381000.0
1090,289000.0
2800,665000.0
2380,782000.0
1930,230000.0
1350,395000.0
2460,427500.0
860,290300.0
2160,715000.0
2320,600000.0
1240,362750.0
1320,370000.0
2680,350000.0
2200,375000.0
2970,905000.0
2870,765000.0
1350,200000.0
1970,415000.0
2670,585000.0
1940,280000.0
1180,160000.0
1060,140000.0
2300,738500.0
1940,465250.0
1890,465500.0
1490,385000.0
960,349810.0
1010,308000.0
1530,318000.0
2510,955000.0
2210,382500.0
1730,430000.0
710,402000.0
1110,665000.0
1900,520500.0
1440,210000.0
1440,437000.0
2130,580000.0
1970,550000.0
2240,510000.0
840,405100.0
1570,592350.0
1100,189650.0
1640,478000.0
1040,210000.0
2690,608000.0
1630,767450.0
780,285000.0
1870,306000.0
1590,387884.615385
2510,660000.0
2650,565000.0
2650,734990.0
1410,229950.0
1610,415000.0
1540,475000.0
2880,820000.0
1210,345000.0
1980,744000.0
770,275000.0
2020,464900.0
1940,315000.0
2080,300000.0
1020,218000.0
1400,225000.0
1580,600000.0
1930,250600.0
1720,667000.0
1650,371500.0
2780,830000.0
1100,516500.0
2930,840000.0
1990,763101.0
2280,320000.0
910,465000.0
1550,430000.0
2510,267345.0
1090,214750.0
1840,465000.0
2790,599000.0
580,90000.0
990,430000.0
2020,300000.0
1651,363000.0
2120,575000.0
2440,576000.0
1200,245000.0
2400,570000.0
1770,241000.0
1490,309000.0
1310,500000.0
790,268500.0
2150,368250.0
2370,687000.0
2540,425000.0
2510,659000.0
2560,440000.0
2490,550000.0
2330,680000.0
2520,542500.0
1010,410000.0
870,234000.0
1320,232500.0
1860,330000.0
1940,423000.0
1230,435000.0
1620,265000.0
2410,440000.0
2068,237227.857143
2160,580000.0
1210,160000.0
1850,585000.0
1910,297500.0
800,402500.0
2430,626000.0
1250,410000.0
1830,427000.0
2760,545000.0
1090,152000.0
1340,117833.333333
1180,455000.0
1790,410000.0
1070,183000.0
2980,739900.0
1960,289950.0
1300,365000.0
2210,334000.0
1940,580000.0
910,405000.0
1770,295000.0
1660,548800.0
1840,730001.0
1840,550000.0
1430,620000.0
1720,477000.0
2920,850000.0
1810,625000.0
1920,415000.0
1660,220000.0
1850,449000.0
980,400000.0
2160,480000.0
1384,575000.0
1900,485000.0
1658,263900.0
1830,494000.0
1830,312500.0
1270,246500.0
1820,557500.0
1100,339000.0
1820,875000.0
1810,550000.0
1130,631500.0
2240,220000.0
1950,425000.0
2610,674600.0
2510,695500.0
1715,257500.0
1660,452000.0
1640,592105.714286
2210,375000.0
1540,525000.0
1811,260000.0
1240,405000.0
2160,440000.0
1480,336500.0
2790,589950.0
1680,306000.0
2120,582000.0
2440,525000.0
2390,565000.0
2490,292000.0
2340,485000.0
2800,350000.0
1430,457500.0
2060,306500.0
2290,630000.0
1890,645500.0
1280,575000.0
2630,725000.0
1540,385500.0
2450,358000.0
1340,239000.0
2150,486000.0
1160,329333.333333
940,399000.0
2260,648360.0
2190,539950.0
1940,265000.0
1530,360000.0
2530,469950.0
1470,455000.0
2257,349950.0
2720,739000.0
1440,328000.0
2540,380000.0
2800,744312.5
1530,332000.0
1580,475000.0
850,360000.0
2270,815000.0
1620,800000.0
2270,585000.0
970,209950.0
1380,275000.0
1450,410000.0
2890,585000.0
1370,247200.0
910,221000.0
1590,488000.0
2440,425000.0
2960,385000.0
930,395000.0
1770,440000.0
2090,632500.0
2000,318989.0
2900,790000.0
800,335950.0
1520,499950.0
1290,406062.5
650,230000.0
2750,525000.0
1540,132500.0
1470,590300.0
2330,687500.0
1150,360500.0
2300,450000.0
2030,335000.0
2280,500324.0
2140,420000.0
2340,535000.0
2130,620000.0
1330,225000.0
1350,276900.0
2300,312891.0
1370,320000.0
1510,332000.0
1320,650000.0
1600,690000.0
1460,324950.0
2450,455000.0
1160,215000.0
2180,464000.0
2700,390000.0
990,120000.0
2820,735000.0
2110,475300.0
1850,230000.0
1920,391500.0
1880,423000.0
1150,200000.0
1670,424000.0
1910,230000.0
2020,245000.0
970,546000.0
1280,478000.0
1720,290256.0
2100,475000.0
2210,250250.0
2540,620000.0
2480,663000.0
1730,200000.0
2300,431000.0
1920,490000.0
1580,530000.0
1470,465000.0
2470,485000.0
1300,502000.0
2370,640000.0
1430,485000.0
2798,499950.0
1990,180000.0
2500,695000.0
2230,435000.0
1620,430277.777778
2080,254000.0
1680,285000.0
1020,235000.0
2320,657500.0
2310,790000.0
2490,616000.0
2030,199000.0
1730,396675.0
750,375000.0
1700,349000.0
1710,539000.0
1900,550000.0
2030,471000.0
1730,522000.0
1880,396166.666667
650,295000.0
2870,665900.0
1640,540833.333333
2420,725000.0
1470,458663.888889
2550,371000.0
2060,580000.0
950,248000.0
1490,670000.0
1030,535000.0
1400,349950.0
1410,377500.0
1950,895000.0
2880,285000.0
1980,660000.0
2230,253000.0
960,300000.0
1584,267000.0
1420,345000.0
1540,525000.0
1070,210000.0
2870,802000.0
960,420850.0
2000,815000.0
1900,431500.0
1550,255000.0
2520,234975.0
2030,572500.0
2600,840000.0
2360,633000.0
1890,269950.0
1540,520000.0
2140,530000.0
2134,611000.0
1670,680000.0
2080,830000.0
2230,809950.0
1870,262000.0
2000,236000.0
1930,509000.0
1900,542000.0
2660,915000.0
520,160000.0
2683,681965.78125
1680,480000.0
1220,253000.0
1150,376000.0
1990,661000.0
870,310000.0
1860,288350.0
2390,689800.0
1660,458000.0
2795,562000.0
910,155000.0
1200,220000.0
1830,599950.0
420,280000.0
1460,538000.0
1000,171758.333333
2760,378000.0
1940,335000.0
1300,237000.0
1390,216500.0
1230,150000.0
2150,380000.0
2242,329900.0
1710,482000.0
1600,460000.0
1480,450000.0
1040,148612.5
1940,505000.0
1700,314500.0
2630,600000.0
940,362500.0
1260,245000.0
1630,360000.0
1100,343566.0
2070,280927.0
1190,245000.0
2090,300000.0
1080,395000.0
2250,440000.0
2800,380000.0
1840,660000.0
1800,474900.0
1550,481015.0
1950,635000.0
1200,215000.0
2250,325000.0
2270,446000.0
2360,418000.0
1530,546000.0
2432,427000.0
1790,544000.0
2370,543000.0
2700,670000.0
2110,565000.0
840,270000.0
1530,607500.0
1260,523000.0
810,285000.0
1060,349950.0
1740,518000.0
2280,420000.0
1580,247000.0
2460,445000.0
2380,439950.0
1150,213400.0
1720,255000.0
2430,723000.0
1250,385000.0
1180,299000.0
2190,630000.0
1970,432000.0
2180,558000.0
1600,425000.0
1200,275000.0
2950,554950.0
2410,600000.0
1660,619000.0
2090,203400.0
700,350000.0
2500,599950.0
2840,665000.0
2050,386000.0
1400,230000.0
2170,415000.0
2150,755000.0
2450,510000.0
1240,660000.0
2350,850000.0
2300,453000.0
970,690000.0
840,325000.0
1990,450000.0
2030,545000.0
2700,669000.0
2560,640000.0
2040,500000.0
1040,600000.0
1270,331366.666667
1880,248400.0
1510,300000.0
1520,380000.0
940,234000.0
1070,542000.0
2760,821000.0
1920,341000.0
1660,560000.0
2600,245000.0
2300,560000.0
2790,665000.0
2120,250000.0
2290,737000.0
1650,327500.0
2470,850000.0
1700,750000.0
2080,442000.0
1640,234000.0
2170,592500.0
2790,505000.0
1310,717000.0
1410,245000.0
2190,503000.0
3000,600000.0
700,310000.0
2160,383000.0
2730,760000.0
1175,342000.0
1100,139000.0
1220,370000.0
2130,316000.0
740,235750.0
2770,602761.0
2550,435000.0
2340,640000.0
1840,300000.0
2200,410000.0
1730,460000.0
1980,307550.0
2700,385000.0
1750,499000.0
1670,373000.0
1240,345000.0
1230,435000.0
1250,459500.0
1450,339000.0
2700,810000.0
2020,465000.0
1680,345000.0
1410,465000.0
1790,425000.0
950,137000.0
880,326100.0
2940,752000.0
2560,642000.0
2240,580379.0
720,235000.0
1900,305000.0
1230,400000.0
3000,355000.0
1180,205000.0
1060,170500.0
960,210000.0
1800,250000.0
1860,379950.0
1320,206000.0
1660,270000.0
1960,560000.0
430,80000.0
1170,613000.0
1010,270000.0
1950,328500.0
700,200000.0
1850,489200.0
1444,420000.0
1720,770000.0
2180,785000.0
1450,525000.0
2550,952500.0
1640,245700.0
2430,465425.0
1320,255000.0
2200,485000.0
1550,458000.0
1730,645000.0
1480,395000.0
1250,530000.0
2310,890000.0
2320,480000.0
1760,640000.0
990,325000.0
990,250000.0
1440,265000.0
2950,402000.0
1370,300000.0
2710,370000.0
1480,254000.0
1350,160000.0
1960,285500.0
2840,292050.0
1820,425000.0
1860,380000.0
2240,432500.0
1540,570000.0
1080,345000.0
1920,517000.0
2530,252980.0
1200,339900.0
1200,255000.0
2650,699000.0
1860,239900.0
2700,749000.0
720,199000.0
1970,280000.0
2060,418500.0
2090,494000.0
1160,468000.0
1010,405000.0
1340,415000.0
1700,337500.0
1410,399900.0
2630,454000.0
1400,425000.0
1450,277000.0
1500,435000.0
1370,175000.0
1950,669000.0
2360,590000.0
2280,445000.0
1680,591000.0
1350,310000.0
1410,220000.0
1200,165050.0
2150,380000.0
1350,325000.0
2680,320000.0
1760,554000.0
2690,419000.0
1360,535000.0
1110,223000.0
2600,780000.0
2690,800000.0
2320,822500.0
2320,307000.0
780,87500.0
1320,451555.0
1720,161700.0
2350,460000.0
2250,395000.0
1330,280000.0
1500,284000.0
1200,430000.0
2020,720000.0
2910,499990.0
1780,771000.0
1651,285000.0
1530,558653.846154
1750,472500.0
1880,280000.0
2280,475000.0
2430,405000.0
1460,240500.0
1860,275000.0
1490,258000.0
2370,429900.0
2670,341166.666667
2190,699900.0
1700,545000.0
1860,268971.875
1730,315000.0
1820,206000.0
2150,392500.0
2000,459950.0
780,7800.0
2120,507000.0
1880,435000.0
1230,490000.0
2670,732000.0
1750,190000.0
1840,395000.0
2170,442500.0
2320,728050.0
2170,550000.0
2930,545000.0
1950,290000.0
890,371000.0
1570,506000.0
1590,850000.0
2200,279000.0
1530,654000.0
1240,523000.0
2910,589000.0
2310,319950.0
1290,500000.0
1060,461000.0
2600,270000.0
1940,300000.0
2170,296500.0
1150,309212.0
1840,411715.0
1030,326000.0
2200,689000.0
1560,196440.0
1520,499950.0
1530,265000.0
2220,435000.0
1560,269000.0
2950,495000.0
2910,525000.0
2700,910000.0
1769,334888.0
2370,522500.0
1430,465000.0
2630,852500.0
1270,349500.0
1300,245100.0
1100,286000.0
1930,570000.0
2040,542500.0
1300,430000.0
1200,170000.0
2700,383962.0
2010,322200.0
1050,339950.0
1160,525000.0
2150,300000.0
2230,337000.0
2050,495000.0
2590,809000.0
870,245000.0
1900,311000.0
750,355000.0
2310,646000.0
2430,506000.0
2380,268971.875
1180,342400.0
960,137124.0
2050,256000.0
2961,695000.0
1990,760500.0
2340,440000.0
2780,825500.0
1580,558000.0
860,370000.0
1850,623000.0
1460,285000.0
2200,432000.0
1370,307000.0
1320,259000.0
2300,675000.0
1560,224000.0
970,215000.0
1790,475000.0
2660,599950.0
1200,450000.0
1800,309000.0
1750,525000.0
1400,410000.0
2060,885000.0
780,380000.0
2080,940000.0
1450,320000.0
2650,542525.0
1290,265000.0
2030,440000.0
1720,328211.904762
2690,699850.0
2610,325000.0
2640,850000.0
2910,515000.0
2050,385000.0
1960,372000.0
2090,415000.0
1360,703000.0
1930,530000.0
2950,660500.0
2930,749000.0
1520,296475.0
2530,902000.0
2570,561000.0
790,436000.0
1490,475000.0
1990,345000.0
2670,645325.0
1940,392000.0
820,194000.0
1650,369500.0
1360,263400.0
1690,640000.0
1550,537000.0
2120,345000.0
2250,308900.0
1640,450000.0
1910,441000.0
2450,450000.0
2670,669950.0
1960,369990.0
1940,576000.0
2110,305495.0
1210,305000.0
1090,460000.0
1420,310000.0
2020,356000.0
2650,715000.0
1730,470000.0
1980,660000.0
2260,551000.0
1900,235000.0
1220,177500.0
2180,302000.0
1950,298000.0
1900,550000.0
2060,655000.0
1720,615000.0
1430,349000.0
1680,225000.0
1700,384000.0
2790,533112.0
1590,529000.0
2840,735000.0
1100,450000.0
1750,324000.0
1340,479000.0
990,226550.0
2009,303210.0
1260,300000.0
1160,390000.0
2280,322000.0
1720,500000.0
1530,235000.0
2380,370000.0
670,175000.0
2280,433000.0
1770,630000.0
1900,536000.0
1520,290000.0
1840,285000.0
2050,670000.0
1410,263000.0
1830,249000.0
2530,354950.0
1060,353250.0
2740,651000.0
1140,243800.0
2290,436500.0
1413,286800.0
1150,307000.0
1330,540000.0
1720,255950.0
770,413500.0
1270,346000.0
1300,245000.0
1890,523460.0
1790,299950.0
1670,239950.0
2420,455600.0
1650,268000.0
1940,545000.0
800,370000.0
2100,679000.0
2010,453246.0
1010,306888.0
1610,255000.0
2460,735000.0
1520,475580.0
2590,503000.0
2340,427874.0
1760,497333.333333
1400,315000.0
1170,330000.0
1890,524950.0
2260,289659.0
1800,415000.0
560,299000.0
1590,225500.0
2700,580000.0
1580,225000.0
1440,210000.0
2660,755000.0
1700,410000.0
1690,380000.0
1360,359000.0
1470,264000.0
2660,310000.0
800,379000.0
2510,448000.0
2680,898000.0
1720,360000.0
1240,471000.0
1160,317000.0
2060,890000.0
1050,310000.0
1840,317000.0
1750,335000.0
2640,489950.0
1200,504200.0
2520,618250.0
2290,359900.0
2820,599000.0
1210,380000.0
1810,545000.0
2920,650000.0
2732,480000.0
1650,590000.0
2500,646000.0
1480,420000.0
1720,341000.0
2990,498500.0
1380,195000.0
820,173000.0
1210,660000.0
1530,231000.0
1330,235867.0
1400,563500.0
1960,540000.0
2590,396500.0
2070,366500.0
2120,492650.0
740,350000.0
2060,264500.0
1440,375000.0
1310,249900.0
2560,600000.0
2180,568500.0
2000,260000.0
1730,228944.444444
2550,480000.0
1790,583000.0
2090,543000.0
2980,600000.0
2540,540000.0
1460,455500.0
1570,233166.666667
1130,210000.0
2420,672500.0
1810,358000.0
1900,390000.0
800,265050.0
1390,186950.0
1790,790000.0
2150,639000.0
2590,620000.0
2550,328950.0
1630,312900.0
1840,185000.0
1690,499000.0
1270,440000.0
840,528000.0
1430,198000.0
1480,510000.0
950,500000.0
2330,680000.0
1270,160797.0
2600,515000.0
1100,229629.5
2860,799000.0
1610,305000.0
2700,690000.0
1230,175000.0
2410,415000.0
1820,489950.0
1020,238000.0
1700,616000.0
2220,480000.0
2640,880000.0
2470,633100.0
2000,546000.0
1530,450000.0
2270,680000.0
2550,890000.0
1990,260000.0
1890,355000.0
1800,364000.0
2680,653000.0
2670,605000.0
2160,378750.0
1495,400000.0
1600,224000.0
1890,437000.0
1980,640000.0
2770,685000.0
1780,935000.0
1340,345000.0
1420,510000.0
1680,289000.0
1310,251200.0
820,150000.0
2070,559000.0
2600,805000.0
1660,425000.0
1550,433000.0
2000,375000.0
1500,485000.0
1980,711000.0
1490,287000.0
1140,249900.0
2000,560000.0
1610,345000.0
2080,538888.0
2610,675000.0
2120,440000.0
1890,486895.0
1660,420000.0
1390,374950.0
2770,461000.0
2310,327500.0
900,191000.0
2160,550000.0
1300,562500.0
1580,351250.0
1450,274500.0
990,278900.0
1400,180000.0
2840,585000.0
2770,754800.0
1520,171000.0
2040,615000.0
980,430000.0
2210,650000.0
1212,340000.0
2070,255000.0
1540,402000.0
1810,304000.0
2710,560000.0
2560,675000.0
1390,341000.0
1350,211000.0
2620,475000.0
2310,385000.0
1950,412000.0
860,330000.0
1190,200000.0
1920,385000.0
2450,660000.0
2060,575550.0
2620,672000.0
1720,580000.0
1260,479000.0
2140,710000.0
2320,941000.0
1300,462000.0
1320,150000.0
2890,795000.0
2340,235500.0
2610,335000.0
1860,440000.0
1530,570000.0
1810,430000.0
1480,600000.0
1740,473200.0
2620,695000.0
2290,535000.0
1260,485000.0
2550,180785.714286
1159,582500.0
1780,540000.0
900,302000.0
1780,586500.0
1700,290000.0
1480,341000.0
1430,485000.0
2370,587000.0
1000,247875.0
1330,240000.0
1550,359000.0
1290,173666.666667
2410,537000.0
2420,380000.0
1760,289950.0
1230,252750.0
2800,739000.0
690,139000.0
2260,925000.0
1210,357186.0
2630,325000.0
680,110700.0
1660,700000.0
1560,440000.0
1480,320000.0
1190,229000.0
1370,368000.0
1680,440000.0
1310,218000.0
920,199500.0
1220,385000.0
2500,806000.0
3000,527000.0
2150,741500.0
2120,535000.0
1420,455000.0
2860,655000.0
1220,168000.0
1270,465000.0
2420,760000.0
2510,600000.0
2080,270000.0
2490,608000.0
2990,800000.0
1150,500000.0
1880,405000.0
1170,235000.0
2450,937000.0
1330,420642.857143
1760,680000.0
2080,285000.0
1300,287000.0
2770,641000.0
2150,677099.565217
2330,732000.0
1660,410000.0
2030,544000.0
1910,650000.0
2010,515000.0
1520,430000.0
2140,507000.0
1600,340000.0
790,299800.0
2450,760000.0
2250,345000.0
2180,341750.0
1700,475000.0
1120,100000.0
2130,615000.0
1230,607000.0
1780,680000.0
1270,467000.0
1830,236000.0
1110,416000.0
2830,673000.0
1010,317000.0
1890,280500.0
1620,641000.0
1840,809000.0
1610,290900.0
2380,725000.0
2250,328000.0
2040,355000.0
1320,510000.0
1760,615000.0
1040,182805.0
930,210000.0
2390,396500.0
1880,284000.0
1810,362000.0
2180,325000.0
1820,532000.0
2450,735000.0
1220,418000.0
1700,206000.0
1690,487250.0
1490,326983.333333
2510,600000.0
2100,298450.0
1320,313000.0
1390,270000.0
1100,375000.0
1360,300000.0
1600,330000.0
1670,505000.0
2560,599000.0
2980,535000.0
1320,196500.0
2540,269950.0
3000,585000.0
2030,588000.0
1340,300000.0
2020,379000.0
2200,237227.857143
1050,440000.0
2500,725000.0
1530,474000.0
1570,235000.0
2220,437000.0
1240,400000.0
1870,433000.0
1820,625000.0
1990,507500.0
1250,390000.0
700,367000.0
1400,357250.0
1720,264950.0
2300,900000.0
2540,845000.0
1080,315000.0
800,435000.0
2610,762500.0
1870,455000.0
1340,223000.0
2910,525000.0
2910,718500.0
1160,262500.0
1360,397000.0
1740,496700.0
2034,549000.0
590,202000.0
2600,583000.0
1930,275000.0
1500,219950.0
1490,389250.0
850,165000.0
970,315000.0
2540,310000.0
900,83000.0
2480,415000.0
1500,485000.0
1990,536000.0
1230,440000.0
1830,403500.0
1240,559000.0
2310,850000.0
2080,715000.0
2360,580050.0
1970,297000.0
1890,270000.0
2520,780000.0
2330,450000.0
1680,588000.0
2600,525000.0
2550,642000.0
2870,720000.0
1800,305000.0
1760,264000.0
2610,605000.0
1800,332500.0
2807,630000.0
2000,690500.0
830,394475.0
2340,314000.0
1310,266066.666667
1520,425000.0
2310,589500.0
2360,730000.0
1610,438750.0
2130,534640.0
960,280000.0
2800,426000.0
1690,256883.0
2350,770000.0
2980,622500.0
2100,759000.0
2730,545000.0
870,180000.0
1750,251555.555556
1220,255000.0
1060,415000.0
1490,554250.0
1060,174950.0
2700,723000.0
1120,524000.0
1320,464000.0
1890,378000.0
1530,135333.333333
1620,219950.0
1630,609000.0
1220,310000.0
2270,735000.0
1790,240000.0
1430,518000.0
2050,439500.0
1320,530000.0
2000,560000.0
2370,684680.0
2370,899000.0
2100,356000.0
880,379509.166667
1520,288000.0
1470,480000.0
2340,390000.0
2160,450000.0
2980,947500.0
2400,375000.0
2640,365000.0
2460,611000.0
2470,339000.0
2220,334990.0
1050,168333.333333
960,375000.0
1060,356000.0
1230,250000.0
2876,895000.0
1560,399950.0
1610,280000.0
1200,165000.0
2310,700000.0
1960,340000.0
2250,445838.0
2470,405000.0
880,253000.0
1330,234999.0
2060,460000.0
1780,350000.0
2450,525000.0
2550,650000.0
1830,562000.0
1440,250000.0
1120,190368.75
1840,415000.0
2980,775000.0
2870,475000.0
1110,589000.0
2390,359800.0
2350,615000.0
2130,850000.0
2840,500000.0
1410,352500.0
1010,560000.0
1320,425000.0
1410,295832.0
2550,415000.0
1560,387500.0
2220,921000.0
1550,613000.0
880,210000.0
2570,660000.0
1930,175000.0
2430,310000.0
1240,355000.0
2610,725000.0
2550,375900.0
2340,445000.0
1200,135333.333333
1870,585000.0
1060,230000.0
2030,275000.0
2570,519000.0
2110,568000.0
1400,253400.0
1480,280000.0
2300,635000.0
1640,405000.0
1720,550000.0
790,135000.0
1660,380000.0
1930,439990.0
1700,800000.0
2800,345600.0
1510,465000.0
1230,280000.0
890,460000.0
1180,275000.0
1250,155000.0
650,129000.0
1320,395000.0
2180,540000.0
1540,512031.0
1860,291000.0
2250,589000.0
2670,642000.0
1490,255000.0
1660,300000.0
2060,715000.0
2300,619000.0
1630,497000.0
1640,295000.0
1290,440000.0
1860,725000.0
1620,580000.0
1570,214950.0
1630,279000.0
1400,510250.0
2800,605000.0
2590,519995.0
1480,450000.0
1740,600000.0
1950,725000.0
980,295000.0
1020,489000.0
2670,515000.0
1440,230000.0
1860,505000.0
2910,610000.0
2400,389000.0
2620,746000.0
2760,602500.0
1250,391400.0
2580,459900.0
1670,451000.0
1410,413000.0
2550,715000.0
1630,260000.0
1890,292285.714286
1990,675000.0
2570,397500.0
3000,688000.0
1840,274750.0
2100,368000.0
890,150000.0
1930,400000.0
1450,274950.0
1620,386000.0
1980,435000.0
1050,430000.0
2750,604700.0
2840,870000.0
1130,243069.230769
1392,350000.0
1670,289950.0
1500,245000.0
2320,737500.0
1600,390000.0
1910,700000.0
2280,567500.0
1750,510000.0
1810,235000.0
2380,800000.0
1990,445000.0
1700,300000.0
2286,481000.0
1900,512500.0
2610,650000.0
2460,276000.0
1040,400000.0
1020,175000.0
3000,394000.0
1430,310000.0
880,218000.0
1590,305100.0
1830,572000.0
1940,665000.0
2030,259950.0
1700,282766.666667
2060,270000.0
1540,395000.0
2303,300000.0
2070,300000.0
2110,610000.0
910,285000.0
2030,335000.0
2500,364900.0
1510,254000.0
1900,600000.0
2200,580000.0
1240,330000.0
2192,132250.0
2360,525000.0
830,282613.0
1880,680000.0
1170,352500.0
2010,440000.0
1610,210614.285714
2230,600000.0
2790,568000.0
2960,633634.0
1930,315000.0
2880,755000.0
2210,294000.0
1660,367500.0
1260,374000.0
1850,645000.0
1300,425000.0
2780,402500.0
820,102500.0
830,329445.0
1180,385000.0
890,283000.0
1110,440150.0
1700,575000.0
2280,345000.0
2220,320000.0
1100,361000.0
1510,470000.0
1480,547000.0
1090,249000.0
1170,119500.0
2660,495000.0
2240,469000.0
1250,299000.0
1170,175000.0
2080,700000.0
1770,449500.0
1800,665000.0
1940,685000.0
2200,305000.0
1480,663000.0
1940,359000.0
2010,605000.0
1060,335000.0
2270,645000.0
2580,374000.0
2040,350000.0
2700,744500.0
1660,550000.0
1170,295000.0
870,271310.0
1620,467100.0
970,219900.0
2070,795000.0
1850,580000.0
2320,530000.0
1820,264000.0
2530,631500.0
2300,738190.857143
2090,619400.0
1530,352000.0
1950,235000.0
1760,353500.0
2040,355000.0
2330,350000.0
2570,339990.0
2020,556000.0
1710,560000.0
1530,575000.0
1360,511500.0
2770,860000.0
2460,678500.0
2420,739888.0
1990,595000.0
2242,309780.0
1880,486445.833333
1490,735000.0
1210,342500.0
2190,855000.0
1380,350000.0
1220,306000.0
1420,510000.0
2680,515000.0
1250,110000.0
2630,420000.0
1350,405500.0
1530,320000.0
1440,562100.0
1950,408000.0
1785,530000.0
1840,785200.0
620,402000.0
2050,623000.0
1769,495000.0
1760,400000.0
910,350000.0
1410,563000.0
2090,581000.0
1170,335000.0
2510,550000.0
2760,734200.0
2090,562100.0
1770,390000.0
1690,535000.0
1960,415000.0
2850,450000.0
2620,605000.0
1140,230000.0
1430,400000.0
1780,266000.0
1220,300000.0
1090,287919.782609
1680,210000.0
960,255000.0
1250,450000.0
1300,502000.0
1240,529950.0
2890,502000.0
1910,240000.0
2680,575000.0
1463,390000.0
2420,482000.0
2170,876650.0
620,148000.0
1620,459000.0
1050,200000.0
1360,430000.0
1860,280000.0
1770,229500.0
2090,865000.0
2540,600000.0
1450,402000.0
1405,405000.0
2050,540000.0
1710,630000.0
1240,545000.0
2220,569000.0
1830,321000.0
1670,585000.0
1300,175000.0
920,417000.0
1820,673476.818182
1270,594000.0
1500,270000.0
2120,531000.0
1810,326500.0
980,350000.0
1370,850000.0
1430,352450.0
2710,591000.0
1110,452000.0
2140,650000.0
2220,370000.0
700,192000.0
900,473000.0
1480,584000.0
2660,772650.0
1630,400000.0
1590,670500.0
1240,347000.0
1230,200000.0
1300,455000.0
1500,470000.0
1150,265950.0
2210,530000.0
1430,266200.0
1650,370000.0
1470,280000.0
2030,275000.0
1640,579000.0
1270,415000.0
1040,234000.0
2100,468000.0
980,197500.0
2240,550000.0
2340,568000.0
2030,831000.0
1870,594000.0
2460,440500.0
2440,495000.0
2040,475000.0
2240,450000.0
2600,540000.0
1400,450000.0
2060,200000.0
1880,560000.0
920,356000.0
1350,468500.0
1720,398000.0
2160,842500.0
1240,174500.0
1780,477000.0
1210,483300.0
1610,690000.0
2060,625000.0
2437,285000.0
1010,149500.0
1300,450385.714286
2150,550000.0
1980,309000.0
2310,450000.0
1820,475000.0
2050,480000.0
1270,280000.0
1650,443000.0
940,337945.75
1920,325000.0
1920,429000.0
800,295000.0
1040,225000.0
1360,488000.0
2410,625000.0
1090,280000.0
1050,445000.0
2140,346150.0
1820,322500.0
760,163785.714286
1980,345000.0
1230,385000.0
2080,605000.0
2540,945000.0
2010,972000.0
2030,225000.0
2450,530000.0
2850,775000.0
1180,330000.0
1870,285000.0
2050,700000.0
1050,650000.0
1370,371500.0
1160,250000.0
2210,330000.0
1440,260000.0
1660,453000.0
1260,650000.0
910,600000.0
1445,389999.0
1920,210000.0
1390,275000.0
1150,480000.0
2658,411605.0
2490,940000.0
1830,433000.0
2720,690000.0
1390,234000.0
1680,330000.0
2420,795000.0
1900,250000.0
2560,350000.0
1590,300000.0
800,110000.0
2620,300000.0
2050,750000.0
1210,357562.0
1570,265000.0
2600,415000.0
630,148000.0
1500,360000.0
2400,575000.0
2440,745641.0
1880,320000.0
1870,288400.0
1420,535000.0
2680,620000.0
2760,760000.0
1760,629000.0
2740,689900.0
1200,420000.0
1050,249000.0
1680,350000.0
2220,330000.0
1410,410000.0
1954,268971.875
740,157500.0
1580,749000.0
1410,365500.0
1500,736000.0
1870,325000.0
2520,410000.0
2830,885000.0
2260,649000.0
2590,799000.0
2240,440000.0
1950,345100.0
2780,660000.0
1360,399500.0
2220,427000.0
2450,550000.0
2810,675000.0
2480,340000.0
1700,681000.0
1450,460000.0
2480,615000.0
1494,465000.0
2120,489000.0
1880,315000.0
1480,595000.0
950,305000.0
1970,454000.0
1540,500000.0
1870,595888.0
1120,554000.0
1980,395000.0
1690,530000.0
2330,639500.0
2520,840500.0
2380,330000.0
1480,315000.0
910,605000.0
2300,775000.0
1726,363750.0
2440,625000.0
1230,475000.0
1940,359950.0
1980,530000.0
820,150000.0
1770,215000.0
1500,606000.0
2550,460000.0
1140,276000.0
1440,550000.0
2700,550000.0
1930,425000.0
2820,408000.0
1500,249500.0
1800,381000.0
2540,695000.0
2190,367300.0
1920,308950.0
2410,805000.0
1490,412500.0
2670,400000.0
2330,389000.0
1300,229950.0
2170,329900.0
2770,749950.0
1080,525000.0
1550,460000.0
2060,605000.0
2290,949880.0
1980,395000.0
1560,440000.0
1310,253000.0
2690,925000.0
930,355000.0
1530,465000.0
850,295000.0
2350,649950.0
2790,340000.0
1270,438000.0
2440,388000.0
2670,749000.0
1440,413800.0
1890,570000.0
810,253500.0
1450,244000.0
2970,499500.0
2810,825000.0
2010,350000.0
2700,402000.0
2590,538250.0
2130,320000.0
1100,277000.0
1300,225000.0
1150,430000.0
1060,480000.0
1270,435000.0
1010,150000.0
1320,327000.0
1110,416000.0
1660,550607.142857
970,165000.0
700,155000.0
1480,310000.0
2510,319000.0
1060,315000.0
720,190000.0
1490,245000.0
1870,425000.0
1120,464600.0
1830,499950.0
1980,440825.0
1880,407193.0
1970,268000.0
1600,329000.0
2850,360000.0
2880,920000.0
710,399950.0
1820,465000.0
2180,610750.0
1170,205000.0
1650,547500.0
1700,475000.0
2630,585000.0
1700,410000.0
1150,307000.0
2620,600000.0
1490,475000.0
1200,222400.0
1980,213000.0
1590,190000.0
1150,464500.0
1850,475000.0
2420,602000.0
2050,655275.0
1890,282000.0
1860,384950.0
1740,650000.0
2720,665000.0
1250,225000.0
2730,885000.0
1880,405000.0
1000,249000.0
900,174000.0
2490,700000.0
1940,365000.0
1090,190000.0
2560,650000.0
1070,319950.0
2570,399950.0
1610,505000.0
1360,240000.0
1200,250000.0
1510,545000.0
1870,310000.0
1620,355300.0
1440,142500.0
1780,274333.333333
1730,535500.0
2090,465000.0
770,260000.0
1310,455000.0
1480,269500.0
1990,454790.0
1530,302000.0
2040,502000.0
1840,235000.0
2120,290000.0
2010,364000.0
1760,690000.0
1880,667500.0
910,223000.0
2790,375000.0
2090,499000.0
2200,349900.0
2600,355500.0
910,299950.0
1660,285000.0
1210,440000.0
2370,913888.0
2810,739000.0
1610,346500.0
1630,385000.0
1590,373000.0
1480,483945.0
2320,437500.0
2620,659500.0
2350,655000.0
2650,850000.0
1950,530000.0
2890,799200.0
2470,970500.0
2410,960000.0
810,325000.0
2110,324000.0
2010,429950.0
1460,405000.0
1220,355000.0
1640,253500.0
2030,685000.0
2420,257500.0
2170,619500.0
1240,390000.0
1280,304000.0
2240,592500.0
2290,661254.0
1880,751750.0
1290,549000.0
2280,875000.0
1580,410000.0
1840,366000.0
700,260000.0
2650,592105.714286
1590,210000.0
1650,252350.0
2750,635000.0
830,334500.0
1010,440000.0
1870,259000.0
900,329950.0
780,286000.0
1700,349950.0
1820,511000.0
2340,404950.0
770,229629.5
2250,600000.0
1995,266000.0
2420,429000.0
1140,425000.0
1570,289987.5
2720,619000.0
1590,356000.0
1820,499950.0
2910,542804.75
2390,735000.0
1550,530000.0
900,496000.0
1400,538000.0
1890,825000.0
1540,640000.0
2150,470000.0
1580,575000.0
1850,830000.0
1180,209950.0
2020,599000.0
1800,409316.0
1150,115000.0
1150,240000.0
1500,480000.0
2580,599000.0
2060,244615.0
2870,646000.0
1010,145000.0
2400,650000.0
720,333000.0
2130,880000.0
2160,440000.0
1750,279950.0
2270,332000.0
1530,375500.0
2580,596165.428571
1550,320000.0
2220,260000.0
2540,335000.0
2590,368112.5
1260,465750.0
2180,545000.0
1290,605000.0
1520,366000.0
970,300000.0
1820,420000.0
1260,200500.0
1650,320000.0
2000,402000.0
1680,330000.0
1530,371025.0
770,275000.0
1460,310000.0
1500,156766.666667
2200,325000.0
2070,613000.0
2520,875000.0
2760,336000.0
2430,480000.0
1260,342000.0
2680,300000.0
2550,516000.0
1740,204950.0
1560,449950.0
1760,470000.0
1400,148226.0
2320,425000.0
1490,312000.0
1790,280000.0
1800,360000.0
2220,875000.0
2550,587000.0
2570,439000.0
1600,502000.0
2920,740000.0
1800,344500.0
1700,149000.0
1250,462000.0
1470,254600.0
2170,750500.0
1960,556000.0
1280,355000.0
2470,773000.0
1800,875000.0
1010,501000.0
1880,326000.0
1320,540000.0
2080,342500.0
1630,475000.0
2510,475000.0
2150,615000.0
2090,491950.0
2030,253779.0
1790,243000.0
1210,529000.0
1730,569000.0
2783,840000.0
2400,672500.0
1481,240000.0
2190,665000.0
1320,251750.0
1430,330000.0
1970,274900.0
1790,325000.0
2820,735000.0
1430,552000.0
1400,217500.0
1470,410000.0
2680,449990.0
2920,690000.0
2130,819000.0
2640,395000.0
1640,350000.0
730,378500.0
1840,552000.0
2110,479000.0
2630,84350.0
1620,260000.0
2510,820000.0
1850,459950.0
790,90000.0
1170,250000.0
1300,685000.0
2560,780000.0
2000,677000.0
2400,620000.0
1660,324500.0
2110,577437.5
2840,650000.0
1120,256500.0
1430,178650.0
2610,754950.0
1480,899000.0
1510,575000.0
1460,534333.333333
1040,382500.0
2270,619850.0
1550,369000.0
1050,515000.0
2020,720000.0
1050,260000.0
1730,287000.0
1110,229800.0
2740,673476.818182
830,301500.0
2860,530000.0
1720,385000.0
2080,248000.0
1910,415000.0
2600,610000.0
2680,520000.0
2341,640000.0
1050,540000.0
1480,335000.0
2390,695000.0
1450,482500.0
2730,460000.0
1080,345000.0
1290,647500.0
2090,349950.0
2720,594000.0
2740,549000.0
930,258125.0
2380,574000.0
1770,248000.0
2060,577000.0
2090,659000.0
910,300000.0
2290,570000.0
2050,265000.0
1700,534500.0
2300,435000.0
1100,199990.0
930,100000.0
2070,850830.0
1840,750000.0
1970,435000.0
1232,344000.0
1140,120750.0
1270,440000.0
2340,660000.0
1900,265000.0
2630,610000.0
1190,382500.0
1700,979000.0
2560,410000.0
2480,560000.0
1396,225000.0
1500,395000.0
2100,525000.0
1740,199950.0
1560,282508.888889
1580,333000.0
960,218000.0
1220,499000.0
730,321500.0
2050,455000.0
1830,593000.0
1570,792000.0
1640,556000.0
2550,691000.0
960,332000.0
2730,599000.0
2230,400000.0
2160,849000.0
1470,445000.0
1088,250000.0
710,403950.0
1370,409950.0
1970,395000.0
1982,283200.0
2310,527500.0
2090,545000.0
900,304000.0
1255,312000.0
2740,675000.0
1340,186000.0
1590,263000.0
2160,820000.0
2890,598000.0
2520,250000.0
940,212700.0
2320,700000.0
2670,465000.0
1560,494400.0
370,276000.0
820,527550.0
1080,275000.0
2220,800000.0
1250,480000.0
1250,330000.0
2480,620000.0
1260,436500.0
490,150000.0
1420,523950.0
2200,193000.0
1060,220000.0
1580,525000.0
1690,379950.0
1010,350000.0
1840,499000.0
2870,540000.0
1370,390000.0
2260,560000.0
1300,440000.0
2310,364950.0
1170,350000.0
1460,237950.0
860,200000.0
1890,445000.0
900,370000.0
1410,700000.0
2450,619420.0
1260,412000.0
1500,649950.0
2770,700000.0
720,210000.0
1060,326500.0
2210,216000.0
2020,532000.0
1640,221000.0
1110,299900.0
1240,543000.0
2500,661500.0
2630,589500.0
1770,264950.0
2470,525000.0
2260,539000.0
1170,275000.0
2190,588000.0
2580,437000.0
1500,224000.0
2350,870300.0
1370,83300.0
590,398000.0
1170,336750.0
2330,490000.0
2660,603500.0
1940,732000.0
2290,660000.0
2490,306000.0
2200,433500.0
1880,284000.0
1330,218000.0
2550,895000.0
1280,242000.0
1310,337000.0
2500,700000.0
800,325000.0
2140,495000.0
1090,345000.0
1870,375000.0
1060,299995.0
2520,450000.0
880,427550.0
3000,675000.0
2830,605500.0
1580,406000.0
1320,447000.0
800,250000.0
1800,522000.0
1700,189000.0
1030,650000.0
1540,530100.0
2630,625000.0
2830,451000.0
910,244000.0
1460,337000.0
1800,515000.0
2890,476000.0
1170,440000.0
2340,780000.0
1480,275000.0
1770,373000.0
2130,732600.0
2010,700000.0
1650,600000.0
1720,365000.0
1950,225000.0
1800,265000.0
2690,279000.0
1240,435500.0
2670,690000.0
1510,419000.0
1620,258000.0
1150,220083.333333
1130,536000.0
1470,491500.0
2670,425000.0
